Title,price,url
"Men's Regular Fit Formal Shirt Men's Regular Fit Formal Shirt₹459₹459 ₹1,199₹1,199 ",459,/gp/bestsellers/apparel/1968096031/ref=sr_bs_0_1968096031_1
"Men's Plain Regular fit Casual Shirt Men's Plain Regular fit Casual Shirt₹449₹449 ₹1,999₹1,999 ",449,/LookMark-Plain-Regular-Casual-Shirt-D4-L_Grey/dp/B08CPK2PRC/ref=sr_1_2?dchild=1&pf_rd_i=1968024031&pf_rd_m=A1VBAL9TL5WCBF&pf_rd_p=08b03935-0704-4bbd-9894-f9c043ef766b&pf_rd_r=6YXAMFJD4JPDGFJ0P7VJ&pf_rd_s=merchandised-search-17&qid=1618116211&refinements=p_36%3A-49900&rnid=1968024031&s=apparel&sr=1-2
Men's Regular Fit Formal Shirt Men's Regular Fit Formal Shirt₹439₹439 ₹999₹999 ,439,/Diverse-Checkered-Regular-Cotton-DVF07F1L01-209_Red_42/dp/B0756CHFTM/ref=sr_1_3?dchild=1&pf_rd_i=1968024031&pf_rd_m=A1VBAL9TL5WCBF&pf_rd_p=08b03935-0704-4bbd-9894-f9c043ef766b&pf_rd_r=6YXAMFJD4JPDGFJ0P7VJ&pf_rd_s=merchandised-search-17&qid=1618116211&refinements=p_36%3A-49900&rnid=1968024031&s=apparel&sr=1-3
"Men's Slim Fit Shirt Men's Slim Fit Shirt₹418₹418 ₹1,399₹1,399 ",418,/U-TURN-Cotton-Solid-Sleeve-Shirt/dp/B07HP37T6G/ref=sr_1_4?dchild=1&pf_rd_i=1968024031&pf_rd_m=A1VBAL9TL5WCBF&pf_rd_p=08b03935-0704-4bbd-9894-f9c043ef766b&pf_rd_r=6YXAMFJD4JPDGFJ0P7VJ&pf_rd_s=merchandised-search-17&qid=1618116211&refinements=p_36%3A-49900&rnid=1968024031&s=apparel&sr=1-4
"Men's Cotton Casual Slim Fit Shirt Men's Cotton Casual Slim Fit Shirt₹458₹458 ₹1,899₹1,899 ",458,/OTUS-Cotton-Casual-Shirt-Medium/dp/B08R5NCH5F/ref=sr_1_5?dchild=1&pf_rd_i=1968024031&pf_rd_m=A1VBAL9TL5WCBF&pf_rd_p=08b03935-0704-4bbd-9894-f9c043ef766b&pf_rd_r=6YXAMFJD4JPDGFJ0P7VJ&pf_rd_s=merchandised-search-17&qid=1618116211&refinements=p_36%3A-49900&rnid=1968024031&s=apparel&sr=1-5
"Men's Regular Fit Shirt Men's Regular Fit Shirt₹429₹429 ₹1,199₹1,199 ",429,/Amazon-Brand-Symbol-Regular-SS20-SYM-FS-01_EPP-1A_White/dp/B081QJW5GG/ref=sr_1_6?dchild=1&pf_rd_i=1968024031&pf_rd_m=A1VBAL9TL5WCBF&pf_rd_p=08b03935-0704-4bbd-9894-f9c043ef766b&pf_rd_r=6YXAMFJD4JPDGFJ0P7VJ&pf_rd_s=merchandised-search-17&qid=1618116211&refinements=p_36%3A-49900&rnid=1968024031&s=apparel&sr=1-6
"Men's Regular Fit Shirt Men's Regular Fit Shirt₹440₹440 ₹1,499₹1,499 ",440,/BASE-41-Camouflage-Military-ARHF_GR_XL_Green_X-Large/dp/B08PSG4X3G/ref=sr_1_7?dchild=1&pf_rd_i=1968024031&pf_rd_m=A1VBAL9TL5WCBF&pf_rd_p=08b03935-0704-4bbd-9894-f9c043ef766b&pf_rd_r=6YXAMFJD4JPDGFJ0P7VJ&pf_rd_s=merchandised-search-17&qid=1618116211&refinements=p_36%3A-49900&rnid=1968024031&s=apparel&sr=1-7
"Men's Regular Fit Formal Shirt Men's Regular Fit Formal Shirt₹449₹449 ₹1,799₹1,799 ",449,/Diverse-Checkered-Regular-DCMFH02RC17KA2-796C_Blue-White_44/dp/B07M5D9MSQ/ref=sr_1_8?dchild=1&pf_rd_i=1968024031&pf_rd_m=A1VBAL9TL5WCBF&pf_rd_p=08b03935-0704-4bbd-9894-f9c043ef766b&pf_rd_r=6YXAMFJD4JPDGFJ0P7VJ&pf_rd_s=merchandised-search-17&qid=1618116211&refinements=p_36%3A-49900&rnid=1968024031&s=apparel&sr=1-8
A 2 Z BAZAR Regular Fit 14kg Rayon Blend Full Sleeves unstittched combo Shirt for Men (black blue maroon) color 3 shirt A 2 Z BAZAR Regular Fit 14kg Rayon Blend Full Sleeves unstittched combo Shirt for Men (black blue maroon) color 3 shirt₹349₹349 (₹349/count) ₹999₹999 ,349,/BAZAR-Regular-Sleeves-unstittched-maroon/dp/B0919LGZGF/ref=sr_1_9?dchild=1&pf_rd_i=1968024031&pf_rd_m=A1VBAL9TL5WCBF&pf_rd_p=08b03935-0704-4bbd-9894-f9c043ef766b&pf_rd_r=6YXAMFJD4JPDGFJ0P7VJ&pf_rd_s=merchandised-search-17&qid=1618116211&refinements=p_36%3A-49900&rnid=1968024031&s=apparel&sr=1-9
"Men's Regular Fit Shirt Men's Regular Fit Shirt₹464₹464 ₹1,199₹1,199 ",464,/GRITSTONES-Cotton-Sleeves-Shirt-White/dp/B07TWW337M/ref=sr_1_10?dchild=1&pf_rd_i=1968024031&pf_rd_m=A1VBAL9TL5WCBF&pf_rd_p=08b03935-0704-4bbd-9894-f9c043ef766b&pf_rd_r=6YXAMFJD4JPDGFJ0P7VJ&pf_rd_s=merchandised-search-17&qid=1618116211&refinements=p_36%3A-49900&rnid=1968024031&s=apparel&sr=1-10
"Men's T-Shirt Men's T-Shirt₹386₹386 ₹1,299₹1,299 ",386,/Seven-Rocks-Cotton-T-Shirt-Blue_Medium/dp/B07B8NLQFV/ref=sr_1_11?dchild=1&pf_rd_i=1968024031&pf_rd_m=A1VBAL9TL5WCBF&pf_rd_p=08b03935-0704-4bbd-9894-f9c043ef766b&pf_rd_r=6YXAMFJD4JPDGFJ0P7VJ&pf_rd_s=merchandised-search-17&qid=1618116211&refinements=p_36%3A-49900&rnid=1968024031&s=apparel&sr=1-11
"Men's Regular Fit Shirt Men's Regular Fit Shirt₹378₹378 ₹1,199₹1,199 ",378,/GRITSTONES-Cotton-Sleeves-Chinese-Collar/dp/B07N1NRY5V/ref=sr_1_12?dchild=1&pf_rd_i=1968024031&pf_rd_m=A1VBAL9TL5WCBF&pf_rd_p=08b03935-0704-4bbd-9894-f9c043ef766b&pf_rd_r=6YXAMFJD4JPDGFJ0P7VJ&pf_rd_s=merchandised-search-17&qid=1618116211&refinements=p_36%3A-49900&rnid=1968024031&s=apparel&sr=1-12
"Men's Slim Fit Stylish Full Sleeve Shirts (Multi Color) Men's Slim Fit Stylish Full Sleeve Shirts (Multi Color)₹499₹499 ₹1,849₹1,849 ",499,/VeBNoR-Casual-Stylish-Sleeve-Shirt/dp/B08HRPTF8S/ref=sr_1_13?dchild=1&pf_rd_i=1968024031&pf_rd_m=A1VBAL9TL5WCBF&pf_rd_p=08b03935-0704-4bbd-9894-f9c043ef766b&pf_rd_r=6YXAMFJD4JPDGFJ0P7VJ&pf_rd_s=merchandised-search-17&qid=1618116211&refinements=p_36%3A-49900&rnid=1968024031&s=apparel&sr=1-13
"Men's Regular Fit Formal Shirt Men's Regular Fit Formal Shirt₹449₹449 ₹1,799₹1,799 ",449,/Diverse-Regular-Formal-DCMFH02RC17KA2-739A_Sky-Blue_40/dp/B07H766FL5/ref=sr_1_14?dchild=1&pf_rd_i=1968024031&pf_rd_m=A1VBAL9TL5WCBF&pf_rd_p=08b03935-0704-4bbd-9894-f9c043ef766b&pf_rd_r=6YXAMFJD4JPDGFJ0P7VJ&pf_rd_s=merchandised-search-17&qid=1618116211&refinements=p_36%3A-49900&rnid=1968024031&s=apparel&sr=1-14
Men's Loose Fit Formal Shirt Men's Loose Fit Formal Shirt₹354₹354 ,354,/Mens-Loose-Fit-Shirt-Fashion_BLACK_SHIRT_E_40_Black_40/dp/B082F1LWH3/ref=sr_1_15?dchild=1&pf_rd_i=1968024031&pf_rd_m=A1VBAL9TL5WCBF&pf_rd_p=08b03935-0704-4bbd-9894-f9c043ef766b&pf_rd_r=6YXAMFJD4JPDGFJ0P7VJ&pf_rd_s=merchandised-search-17&qid=1618116211&refinements=p_36%3A-49900&rnid=1968024031&s=apparel&sr=1-15
Men's Regular Fit Casual Shirt Men's Regular Fit Casual Shirt₹332₹332 ₹999₹999 ,332,/GRITSTONES-Regular-Casual-Shirt-GSHSSHT1643PNK_1_L_Pink_Large/dp/B083QKP4MB/ref=sr_1_16?dchild=1&pf_rd_i=1968024031&pf_rd_m=A1VBAL9TL5WCBF&pf_rd_p=08b03935-0704-4bbd-9894-f9c043ef766b&pf_rd_r=6YXAMFJD4JPDGFJ0P7VJ&pf_rd_s=merchandised-search-17&qid=1618116211&refinements=p_36%3A-49900&rnid=1968024031&s=apparel&sr=1-16
"ASISH N Soni Regular Fit with Half Sleeve T-Shirt ASISH N Soni Regular Fit with Half Sleeve T-Shirt₹202₹202 ₹1,999₹1,999 ",202,/RIVER-Printed-Regular-DBS-PL2/dp/B0853GF5K7/ref=sr_1_17?dchild=1&pf_rd_i=1968024031&pf_rd_m=A1VBAL9TL5WCBF&pf_rd_p=08b03935-0704-4bbd-9894-f9c043ef766b&pf_rd_r=6YXAMFJD4JPDGFJ0P7VJ&pf_rd_s=merchandised-search-17&qid=1618116211&refinements=p_36%3A-49900&rnid=1968024031&s=apparel&sr=1-17
Men's Formal Shirt Men's Formal Shirt₹379₹379 ₹999₹999 ,379,/Realone-Mens-Formal-Shirt-Realone_Nevy_40_White_40/dp/B083RZF5WC/ref=sr_1_18?dchild=1&pf_rd_i=1968024031&pf_rd_m=A1VBAL9TL5WCBF&pf_rd_p=08b03935-0704-4bbd-9894-f9c043ef766b&pf_rd_r=6YXAMFJD4JPDGFJ0P7VJ&pf_rd_s=merchandised-search-17&qid=1618116211&refinements=p_36%3A-49900&rnid=1968024031&s=apparel&sr=1-18
Men's Slim Fit Shirt Men's Slim Fit Shirt₹429₹429 ₹999₹999 ,429,/Amazon-Brand-Symbol-Formal-AW17MFS40_39_L-Blue/dp/B073ZKJ2SW/ref=sr_1_19?dchild=1&pf_rd_i=1968024031&pf_rd_m=A1VBAL9TL5WCBF&pf_rd_p=08b03935-0704-4bbd-9894-f9c043ef766b&pf_rd_r=6YXAMFJD4JPDGFJ0P7VJ&pf_rd_s=merchandised-search-17&qid=1618116211&refinements=p_36%3A-49900&rnid=1968024031&s=apparel&sr=1-19
Men's Regular Fit Shirt Men's Regular Fit Shirt₹495₹495 ₹995₹995 ,495,/Prakasam-Formal-Cotton-Sleeve-Regular/dp/B07CYK6QTX/ref=sr_1_20?dchild=1&pf_rd_i=1968024031&pf_rd_m=A1VBAL9TL5WCBF&pf_rd_p=08b03935-0704-4bbd-9894-f9c043ef766b&pf_rd_r=6YXAMFJD4JPDGFJ0P7VJ&pf_rd_s=merchandised-search-17&qid=1618116211&refinements=p_36%3A-49900&rnid=1968024031&s=apparel&sr=1-20
Men's Regular Fit Casual Shirt Men's Regular Fit Casual Shirt₹449₹449 ₹999₹999 ,449,/LookMark-Plain-Regular-Casual-Shirt-A1-M_White/dp/B08BZXZ95L/ref=sr_1_21?dchild=1&pf_rd_i=1968024031&pf_rd_m=A1VBAL9TL5WCBF&pf_rd_p=08b03935-0704-4bbd-9894-f9c043ef766b&pf_rd_r=6YXAMFJD4JPDGFJ0P7VJ&pf_rd_s=merchandised-search-17&qid=1618116211&refinements=p_36%3A-49900&rnid=1968024031&s=apparel&sr=1-21
"Men's Slim Fit Shirt Men's Slim Fit Shirt₹443₹443 ₹1,599₹1,599 ",443,/U-TURN-Cotton-Solid-Chinese-Collar/dp/B07SMXWPHZ/ref=sr_1_22?dchild=1&pf_rd_i=1968024031&pf_rd_m=A1VBAL9TL5WCBF&pf_rd_p=08b03935-0704-4bbd-9894-f9c043ef766b&pf_rd_r=6YXAMFJD4JPDGFJ0P7VJ&pf_rd_s=merchandised-search-17&qid=1618116211&refinements=p_36%3A-49900&rnid=1968024031&s=apparel&sr=1-22
by Arihant Men's Checkered Full Sleeves Regular Fit Formal Shirt by Arihant Men's Checkered Full Sleeves Regular Fit Formal Shirt₹499₹499 ₹999₹999 ,499,/GHPC-Arihant-Checkered-Sleeves-FSF202118_40/dp/B08W3GYRCV/ref=sr_1_23?dchild=1&pf_rd_i=1968024031&pf_rd_m=A1VBAL9TL5WCBF&pf_rd_p=08b03935-0704-4bbd-9894-f9c043ef766b&pf_rd_r=6YXAMFJD4JPDGFJ0P7VJ&pf_rd_s=merchandised-search-17&qid=1618116211&refinements=p_36%3A-49900&rnid=1968024031&s=apparel&sr=1-23
Men's Slim Fit Formal Shirt Men's Slim Fit Formal Shirt₹499₹499 ₹999₹999 ,499,/English-Navy-White-Solid-Formal/dp/B01N902A85/ref=sr_1_24?dchild=1&pf_rd_i=1968024031&pf_rd_m=A1VBAL9TL5WCBF&pf_rd_p=08b03935-0704-4bbd-9894-f9c043ef766b&pf_rd_r=6YXAMFJD4JPDGFJ0P7VJ&pf_rd_s=merchandised-search-17&qid=1618116211&refinements=p_36%3A-49900&rnid=1968024031&s=apparel&sr=1-24
Men's Regular Fit Shirt Men's Regular Fit Shirt₹479₹479 ₹999₹999 ,479,/Amazon-Brand-Symbol-Regular-AW17MFS31_40_Maroon/dp/B073ZJTSGW/ref=sr_1_25?dchild=1&pf_rd_i=1968024031&pf_rd_m=A1VBAL9TL5WCBF&pf_rd_p=08b03935-0704-4bbd-9894-f9c043ef766b&pf_rd_r=6YXAMFJD4JPDGFJ0P7VJ&pf_rd_s=merchandised-search-17&qid=1618116211&refinements=p_36%3A-49900&rnid=1968024031&s=apparel&sr=1-25
"Men's Slim Fit Formal Shirt Men's Slim Fit Formal Shirt₹449₹449 ₹1,199₹1,199 ",449,/Diverse-Solid-Cotton-Formal-DVF06F2L01-8-40_White/dp/B0756FM7HM/ref=sr_1_26?dchild=1&pf_rd_i=1968024031&pf_rd_m=A1VBAL9TL5WCBF&pf_rd_p=08b03935-0704-4bbd-9894-f9c043ef766b&pf_rd_r=6YXAMFJD4JPDGFJ0P7VJ&pf_rd_s=merchandised-search-17&qid=1618116211&refinements=p_36%3A-49900&rnid=1968024031&s=apparel&sr=1-26
"Men's Printed Slim Fit Full Sleeve Cotton Formal Shirt (SS18-SMFS-177_Navy_40) Men's Printed Slim Fit Full Sleeve Cotton Formal Shirt (SS18-SMFS-177_Navy_40)₹479₹479 ₹1,599₹1,599 ",479,/Amazon-Brand-Printed-Regular-SS18-SMFS-177_Navy_40/dp/B079945TWJ/ref=sr_1_27?dchild=1&pf_rd_i=1968024031&pf_rd_m=A1VBAL9TL5WCBF&pf_rd_p=08b03935-0704-4bbd-9894-f9c043ef766b&pf_rd_r=6YXAMFJD4JPDGFJ0P7VJ&pf_rd_s=merchandised-search-17&qid=1618116211&refinements=p_36%3A-49900&rnid=1968024031&s=apparel&sr=1-27
"Men's Solid Regular Fit Full Sleeve Cotton Formal Shirt Men's Solid Regular Fit Full Sleeve Cotton Formal Shirt₹359₹359 ₹1,999₹1,999 ",359,/Amazon-Brand-Arthur-Regular-AH-AW19-MFS-049_White_42/dp/B07TDM56RX/ref=sr_1_28?dchild=1&pf_rd_i=1968024031&pf_rd_m=A1VBAL9TL5WCBF&pf_rd_p=08b03935-0704-4bbd-9894-f9c043ef766b&pf_rd_r=6YXAMFJD4JPDGFJ0P7VJ&pf_rd_s=merchandised-search-17&qid=1618116211&refinements=p_36%3A-49900&rnid=1968024031&s=apparel&sr=1-28
"Men's Regular Fit Formal Shirt Men's Regular Fit Formal Shirt₹479₹479 ₹1,199₹1,199 ",479,/Diverse-Checkered-Regular-Cotton-DVF05F2L02-613_Purple_40/dp/B07B5DVSNZ/ref=sr_1_29?dchild=1&pf_rd_i=1968024031&pf_rd_m=A1VBAL9TL5WCBF&pf_rd_p=08b03935-0704-4bbd-9894-f9c043ef766b&pf_rd_r=6YXAMFJD4JPDGFJ0P7VJ&pf_rd_s=merchandised-search-17&qid=1618116211&refinements=p_36%3A-49900&rnid=1968024031&s=apparel&sr=1-29
Men's Regular Fit Shirt Men's Regular Fit Shirt₹479₹479 ₹999₹999 ,479,/Amazon-Brand-Symbol-Regular-AW17MFS22_40_Grey/dp/B073ZLK8W3/ref=sr_1_30?dchild=1&pf_rd_i=1968024031&pf_rd_m=A1VBAL9TL5WCBF&pf_rd_p=08b03935-0704-4bbd-9894-f9c043ef766b&pf_rd_r=6YXAMFJD4JPDGFJ0P7VJ&pf_rd_s=merchandised-search-17&qid=1618116211&refinements=p_36%3A-49900&rnid=1968024031&s=apparel&sr=1-30
"Men's Regular Fit Casual Shirt Men's Regular Fit Casual Shirt₹479₹479 ₹1,499₹1,499 ",479,/Rope-Cotton-Checkered-Casual-Spread/dp/B07PSCYMHR/ref=sr_1_31?dchild=1&pf_rd_i=1968024031&pf_rd_m=A1VBAL9TL5WCBF&pf_rd_p=08b03935-0704-4bbd-9894-f9c043ef766b&pf_rd_r=6YXAMFJD4JPDGFJ0P7VJ&pf_rd_s=merchandised-search-17&qid=1618116211&refinements=p_36%3A-49900&rnid=1968024031&s=apparel&sr=1-31
"Men's Half Sleeves Formal Regular Fit Cotton Checkred Shirt(GO591) Men's Half Sleeves Formal Regular Fit Cotton Checkred Shirt(GO591)₹499₹499 ₹1,480₹1,480 ",499,/ACCOX-Sleeves-Regular-Checkred-GO591_46/dp/B08T76HB89/ref=sr_1_32?dchild=1&pf_rd_i=1968024031&pf_rd_m=A1VBAL9TL5WCBF&pf_rd_p=08b03935-0704-4bbd-9894-f9c043ef766b&pf_rd_r=6YXAMFJD4JPDGFJ0P7VJ&pf_rd_s=merchandised-search-17&qid=1618116211&refinements=p_36%3A-49900&rnid=1968024031&s=apparel&sr=1-32
SURYAÂ KHADI Men's Classic FiT-shirt. SURYAÂ KHADI Men's Classic FiT-shirt.₹385₹385 ₹699₹699 ,385,/SURYA%C3%82-KHADI-Casual-Regular-Solid-Sleeves/dp/B089ST2PF9/ref=sr_1_33?dchild=1&pf_rd_i=1968024031&pf_rd_m=A1VBAL9TL5WCBF&pf_rd_p=08b03935-0704-4bbd-9894-f9c043ef766b&pf_rd_r=6YXAMFJD4JPDGFJ0P7VJ&pf_rd_s=merchandised-search-17&qid=1618116211&refinements=p_36%3A-49900&rnid=1968024031&s=apparel&sr=1-33
"x Ashish N Soni Boxy fit with Full Sleeve Casual Shirt x Ashish N Soni Boxy fit with Full Sleeve Casual Shirt₹388₹388 ₹3,999₹3,999 ",388,/RIVER-Regular-Casual-DBS-PL2/dp/B0853G42RS/ref=sr_1_34?dchild=1&pf_rd_i=1968024031&pf_rd_m=A1VBAL9TL5WCBF&pf_rd_p=08b03935-0704-4bbd-9894-f9c043ef766b&pf_rd_r=6YXAMFJD4JPDGFJ0P7VJ&pf_rd_s=merchandised-search-17&qid=1618116211&refinements=p_36%3A-49900&rnid=1968024031&s=apparel&sr=1-34
"Printed Cotton Shirt - Powder Blue Printed Cotton Shirt - Powder Blue₹449₹449 ₹1,670₹1,670 ",449,/Kevin-Swift-Printed-Regular-rt42greens_Sage/dp/B08C8QP3C8/ref=sr_1_35?dchild=1&pf_rd_i=1968024031&pf_rd_m=A1VBAL9TL5WCBF&pf_rd_p=08b03935-0704-4bbd-9894-f9c043ef766b&pf_rd_r=6YXAMFJD4JPDGFJ0P7VJ&pf_rd_s=merchandised-search-17&qid=1618116211&refinements=p_36%3A-49900&rnid=1968024031&s=apparel&sr=1-35
"Men's Cotton Slim Fit Striped Design Stylish Half Sleeves Shirt - Casual Men's Cotton Slim Fit Striped Design Stylish Half Sleeves Shirt - Casual₹495₹495 ₹1,485₹1,485 ",495,/Aanchlik-Gramin-Striped-Stylish-Sleeves/dp/B08ZLWN9KL/ref=sr_1_36?dchild=1&pf_rd_i=1968024031&pf_rd_m=A1VBAL9TL5WCBF&pf_rd_p=08b03935-0704-4bbd-9894-f9c043ef766b&pf_rd_r=6YXAMFJD4JPDGFJ0P7VJ&pf_rd_s=merchandised-search-17&qid=1618116211&refinements=p_36%3A-49900&rnid=1968024031&s=apparel&sr=1-36
ASISH N Soni Regular Fit with Half Sleeve T-Shirt ASISH N Soni Regular Fit with Half Sleeve T-Shirt₹199₹199 ₹999₹999 ,199,/RIVER-Regular-DBS-PL2-TS037_Bright/dp/B0853GGH4M/ref=sr_1_37?dchild=1&pf_rd_i=1968024031&pf_rd_m=A1VBAL9TL5WCBF&pf_rd_p=08b03935-0704-4bbd-9894-f9c043ef766b&pf_rd_r=6YXAMFJD4JPDGFJ0P7VJ&pf_rd_s=merchandised-search-17&qid=1618116211&refinements=p_36%3A-49900&rnid=1968024031&s=apparel&sr=1-37
"Men's Regular Fit Casual Shirt Men's Regular Fit Casual Shirt₹399₹399 ₹1,199₹1,199 ",399,/Rope-Solid-Casual-Maroon-ROPESH-M-M/dp/B074SJK21C/ref=sr_1_38?dchild=1&pf_rd_i=1968024031&pf_rd_m=A1VBAL9TL5WCBF&pf_rd_p=08b03935-0704-4bbd-9894-f9c043ef766b&pf_rd_r=6YXAMFJD4JPDGFJ0P7VJ&pf_rd_s=merchandised-search-17&qid=1618116211&refinements=p_36%3A-49900&rnid=1968024031&s=apparel&sr=1-38
"Men's Slim Fit Formal Shirt Men's Slim Fit Formal Shirt₹479₹479 ₹1,199₹1,199 ",479,/Diverse-Printed-Formal-Shirt-DCMFF06SC09L03-803_Red_42/dp/B07MN3GWX8/ref=sr_1_39?dchild=1&pf_rd_i=1968024031&pf_rd_m=A1VBAL9TL5WCBF&pf_rd_p=08b03935-0704-4bbd-9894-f9c043ef766b&pf_rd_r=6YXAMFJD4JPDGFJ0P7VJ&pf_rd_s=merchandised-search-17&qid=1618116211&refinements=p_36%3A-49900&rnid=1968024031&s=apparel&sr=1-39
"ASISH N Soni Regular Fit with Half Sleeve T-Shirt ASISH N Soni Regular Fit with Half Sleeve T-Shirt₹213₹213 ₹1,599₹1,599 ",213,/RIVER-Regular-DBS-PL2-TS008_Blue/dp/B0853GDPLY/ref=sr_1_40?dchild=1&pf_rd_i=1968024031&pf_rd_m=A1VBAL9TL5WCBF&pf_rd_p=08b03935-0704-4bbd-9894-f9c043ef766b&pf_rd_r=6YXAMFJD4JPDGFJ0P7VJ&pf_rd_s=merchandised-search-17&qid=1618116211&refinements=p_36%3A-49900&rnid=1968024031&s=apparel&sr=1-40
Men's Slim Fit Formal Shirt Men's Slim Fit Formal Shirt₹327₹327 ₹699₹699 ,327,/KRYPTAR-Sleeve-Formal-White-Shirt_M/dp/B07546QXDL/ref=sr_1_41?dchild=1&pf_rd_i=1968024031&pf_rd_m=A1VBAL9TL5WCBF&pf_rd_p=08b03935-0704-4bbd-9894-f9c043ef766b&pf_rd_r=6YXAMFJD4JPDGFJ0P7VJ&pf_rd_s=merchandised-search-17&qid=1618116211&refinements=p_36%3A-49900&rnid=1968024031&s=apparel&sr=1-41
lovely choice fab Men's Plain Regular Fit 14kg Rayon Blend Full Sleeves Formal Office unstittched Shirt for Men (combo black - maroon shirt - blue shirt) (pack 3) lovely choice fab Men's Plain Regular Fit 14kg Rayon Blend Full Sleeves Formal Office unstittched Shirt for Men (combo black - maroon shirt - blue shirt) (pack 3)₹349₹349 (₹349/count) ₹999₹999 ,349,/lovely-choice-Regular-Sleeves-unstittched/dp/B091PT9XGS/ref=sr_1_42?dchild=1&pf_rd_i=1968024031&pf_rd_m=A1VBAL9TL5WCBF&pf_rd_p=08b03935-0704-4bbd-9894-f9c043ef766b&pf_rd_r=6YXAMFJD4JPDGFJ0P7VJ&pf_rd_s=merchandised-search-17&qid=1618116211&refinements=p_36%3A-49900&rnid=1968024031&s=apparel&sr=1-42
Men's Regular Fit Casual Shirt Men's Regular Fit Casual Shirt₹499₹499 ₹999₹999 ,499,/LionRoar-Casual-Sleeves-Polycotton-inches/dp/B07GM1PTDS/ref=sr_1_43?dchild=1&pf_rd_i=1968024031&pf_rd_m=A1VBAL9TL5WCBF&pf_rd_p=08b03935-0704-4bbd-9894-f9c043ef766b&pf_rd_r=6YXAMFJD4JPDGFJ0P7VJ&pf_rd_s=merchandised-search-17&qid=1618116211&refinements=p_36%3A-49900&rnid=1968024031&s=apparel&sr=1-43
"Formal Stylish Full Sleeve Shirts for Men Formal Stylish Full Sleeve Shirts for Men₹499₹499 ₹1,849₹1,849 ",499,/VeBNoR-Casual-Shirts-Sleeves-Medium/dp/B08K3FDKJJ/ref=sr_1_44?dchild=1&pf_rd_i=1968024031&pf_rd_m=A1VBAL9TL5WCBF&pf_rd_p=08b03935-0704-4bbd-9894-f9c043ef766b&pf_rd_r=6YXAMFJD4JPDGFJ0P7VJ&pf_rd_s=merchandised-search-17&qid=1618116211&refinements=p_36%3A-49900&rnid=1968024031&s=apparel&sr=1-44
"Men's Slim fit Formal Shirt Men's Slim fit Formal Shirt₹399₹399 ₹1,199₹1,199 ",399,/Amazon-Brand-Symbol-Printed-SYMFS-02-PRN5050_White13/dp/B084VXSPMH/ref=sr_1_45?dchild=1&pf_rd_i=1968024031&pf_rd_m=A1VBAL9TL5WCBF&pf_rd_p=08b03935-0704-4bbd-9894-f9c043ef766b&pf_rd_r=6YXAMFJD4JPDGFJ0P7VJ&pf_rd_s=merchandised-search-17&qid=1618116211&refinements=p_36%3A-49900&rnid=1968024031&s=apparel&sr=1-45
Men's Cotton Digital Printed Half Sleeve Shirt Men's Cotton Digital Printed Half Sleeve Shirt₹499₹499 ₹899₹899 ,499,/Brand-Chief-Digital-Printed-Stitched/dp/B091F7NK68/ref=sr_1_46?dchild=1&pf_rd_i=1968024031&pf_rd_m=A1VBAL9TL5WCBF&pf_rd_p=08b03935-0704-4bbd-9894-f9c043ef766b&pf_rd_r=6YXAMFJD4JPDGFJ0P7VJ&pf_rd_s=merchandised-search-17&qid=1618116211&refinements=p_36%3A-49900&rnid=1968024031&s=apparel&sr=1-46
Men's Regular Fit Formal Shirt Men's Regular Fit Formal Shirt₹459₹459 ₹999₹999 ,459,/Diverse-Solid-Regular-Formal-DVF05F2L01-45_42_Dark/dp/B074C88TSP/ref=sr_1_47?dchild=1&pf_rd_i=1968024031&pf_rd_m=A1VBAL9TL5WCBF&pf_rd_p=08b03935-0704-4bbd-9894-f9c043ef766b&pf_rd_r=6YXAMFJD4JPDGFJ0P7VJ&pf_rd_s=merchandised-search-17&qid=1618116211&refinements=p_36%3A-49900&rnid=1968024031&s=apparel&sr=1-47
"Men's Solid Regular Fit Casual Shirt Men's Solid Regular Fit Casual Shirt₹449₹449 ₹1,299₹1,299 ",449,/Amazon-Brand-Regular-AZ-SY-RR-12A-_Granite/dp/B0822NRQ86/ref=sr_1_48?dchild=1&pf_rd_i=1968024031&pf_rd_m=A1VBAL9TL5WCBF&pf_rd_p=08b03935-0704-4bbd-9894-f9c043ef766b&pf_rd_r=6YXAMFJD4JPDGFJ0P7VJ&pf_rd_s=merchandised-search-17&qid=1618116211&refinements=p_36%3A-49900&rnid=1968024031&s=apparel&sr=1-48
Mens Printed Casual Shirt's Mens Printed Casual Shirt's₹499₹499 ₹999₹999 ,499,/gp/slredirect/picassoRedirect.html/ref=pa_sp_btf_browse_apparel_sr_pg1_1?ie=UTF8&adId=A0345379349D5HBPHU6LI&url=%2FShree-Ganesh-Fashion-Shirts-Orange%2Fdp%2FB08VG9GL5C%2Fref%3Dsr_1_49_sspa%3Fdchild%3D1%26pf_rd_i%3D1968024031%26pf_rd_m%3DA1VBAL9TL5WCBF%26pf_rd_p%3D08b03935-0704-4bbd-9894-f9c043ef766b%26pf_rd_r%3D6YXAMFJD4JPDGFJ0P7VJ%26pf_rd_s%3Dmerchandised-search-17%26qid%3D1618116211%26refinements%3Dp_36%253A-49900%26rnid%3D1968024031%26s%3Dapparel%26sr%3D1-49-spons%26psc%3D1&qualifier=1618116211&id=2201479730518749&widgetName=sp_btf_browse
Boy's Regular Shirt Boy's Regular Shirt₹499₹499 ,499,/gp/slredirect/picassoRedirect.html/ref=pa_sp_btf_browse_apparel_sr_pg1_1?ie=UTF8&adId=A01066831OEFUVSQZ6HKI&url=%2FMax-Regular-Shirt-P20FSH13WHITE_White-9-10Y%2Fdp%2FB08S14H8HG%2Fref%3Dsr_1_50_sspa%3Fdchild%3D1%26pf_rd_i%3D1968024031%26pf_rd_m%3DA1VBAL9TL5WCBF%26pf_rd_p%3D08b03935-0704-4bbd-9894-f9c043ef766b%26pf_rd_r%3D6YXAMFJD4JPDGFJ0P7VJ%26pf_rd_s%3Dmerchandised-search-17%26qid%3D1618116211%26refinements%3Dp_36%253A-49900%26rnid%3D1968024031%26s%3Dapparel%26sr%3D1-50-spons%26psc%3D1&qualifier=1618116211&id=2201479730518749&widgetName=sp_btf_browse
"Casual Army Light Blue, Camouflage Print with Full Sleeve Casual Army Light Blue, Camouflage Print with Full Sleeve₹420₹420 ₹520₹520 ",420,/gp/slredirect/picassoRedirect.html/ref=pa_sp_btf_browse_apparel_sr_pg1_1?ie=UTF8&adId=A10353064ADL2SVAEHMN&url=%2FCasual-Light-Camouflage-Print-Sleeve%2Fdp%2FB091N6LHN9%2Fref%3Dsr_1_51_sspa%3Fdchild%3D1%26pf_rd_i%3D1968024031%26pf_rd_m%3DA1VBAL9TL5WCBF%26pf_rd_p%3D08b03935-0704-4bbd-9894-f9c043ef766b%26pf_rd_r%3D6YXAMFJD4JPDGFJ0P7VJ%26pf_rd_s%3Dmerchandised-search-17%26qid%3D1618116211%26refinements%3Dp_36%253A-49900%26rnid%3D1968024031%26s%3Dapparel%26sr%3D1-51-spons%26psc%3D1&qualifier=1618116211&id=2201479730518749&widgetName=sp_btf_browse
Full Sleeve Solid Men Sweatshirt Full Sleeve Solid Men Sweatshirt₹499₹499 ₹999₹999 ,499,/gp/slredirect/picassoRedirect.html/ref=pa_sp_btf_browse_apparel_sr_pg1_1?ie=UTF8&adId=A02601852AKUCEMKKW4HC&url=%2FFYOLI-Sleeve-Solid-Sweatshirt-Maroon%2Fdp%2FB08WRKTGP9%2Fref%3Dsr_1_52_sspa%3Fdchild%3D1%26pf_rd_i%3D1968024031%26pf_rd_m%3DA1VBAL9TL5WCBF%26pf_rd_p%3D08b03935-0704-4bbd-9894-f9c043ef766b%26pf_rd_r%3D6YXAMFJD4JPDGFJ0P7VJ%26pf_rd_s%3Dmerchandised-search-17%26qid%3D1618116211%26refinements%3Dp_36%253A-49900%26rnid%3D1968024031%26s%3Dapparel%26sr%3D1-52-spons%26psc%3D1&qualifier=1618116211&id=2201479730518749&widgetName=sp_btf_browse
,,#s-skipLinkTargetForMainSearchResults
